Student_ID,GPA,Courses_Enrolled,Completion_Rate,Quiz_Score,Project_Count,Innovation_Score,Startup_Launched,Funding_Received,ILSTM-ACNN_Prediction,Industry_Collab,Internship_Status,Success_Label
ST001,2.75,4,88,75,0,89,0,0,73,0,Not Started,0
ST002,3.9,5,75,66,4,80,0,0,92,3,Not Started,1
ST003,3.46,3,75,76,3,95,1,37441,73,1,Completed,0
ST004,3.2,3,72,82,1,85,0,0,93,2,Not Started,1
ST005,2.31,3,76,85,4,60,0,0,63,3,Completed,1
ST006,2.31,3,88,80,0,64,0,0,83,3,Completed,1
ST007,2.12,6,77,81,2,68,0,0,88,2,Completed,1
ST008,3.73,3,79,66,4,56,0,0,78,0,Completed,0
ST009,3.2,6,89,73,4,77,0,0,65,2,Not Started,1
ST010,3.42,6,84,74,2,92,1,28478,92,3,Ongoing,1
ST011,2.04,3,84,66,4,54,0,0,99,0,Ongoing,0
ST012,3.94,3,98,68,0,54,0,0,78,1,Ongoing,0
ST013,3.66,4,70,67,0,79,0,0,60,1,Not Started,0
ST014,2.42,5,89,82,2,81,1,17180,64,1,Completed,1
ST015,2.36,3,99,88,3,57,0,0,86,3,Ongoing,1
ST016,2.37,4,76,77,1,59,0,0,75,2,Not Started,1
ST017,2.61,4,96,90,3,87,0,0,65,0,Completed,0
ST018,3.05,5,73,89,4,96,0,0,99,1,Ongoing,0
ST019,2.86,6,98,98,1,81,0,0,72,0,Completed,0
ST020,2.58,3,75,94,2,97,0,0,94,3,Ongoing,1
ST021,3.22,5,94,77,2,77,0,0,78,1,Ongoing,0
ST022,2.28,3,70,98,1,66,0,0,71,3,Ongoing,1
ST023,2.58,4,98,76,0,80,0,0,75,2,Completed,1
ST024,2.73,4,74,73,1,57,0,0,69,3,Not Started,1
ST025,2.91,6,96,90,4,89,0,0,84,3,Completed,1
ST026,3.57,4,92,83,0,74,0,0,79,2,Ongoing,1
ST027,2.4,4,70,94,2,58,0,0,90,0,Completed,0
ST028,3.03,5,99,93,1,51,0,0,63,2,Not Started,1
ST029,3.18,3,73,62,3,64,0,0,82,2,Completed,1
ST030,2.09,3,91,96,3,99,0,0,61,3,Not Started,1
ST031,3.22,5,71,99,4,52,0,0,81,0,Not Started,0
ST032,2.34,6,79,85,3,98,0,0,96,1,Completed,0
ST033,2.13,3,74,82,1,85,0,0,67,2,Ongoing,1
ST034,3.9,4,96,98,1,53,0,0,66,0,Not Started,0
ST035,3.93,3,79,74,3,63,0,0,73,2,Completed,1
ST036,3.62,4,70,63,1,90,0,0,62,2,Not Started,1
ST037,2.61,6,91,88,4,90,0,0,75,2,Ongoing,1
ST038,2.2,5,75,81,0,74,0,0,78,2,Completed,1
ST039,3.37,3,82,84,4,99,0,0,77,3,Completed,1
ST040,2.88,5,84,72,4,59,1,14083,75,0,Completed,0
ST041,2.24,3,73,77,1,70,0,0,67,0,Ongoing,0
ST042,2.99,4,82,92,0,85,0,0,92,0,Not Started,0
ST043,2.07,5,93,75,1,61,0,0,71,2,Completed,1
ST044,3.82,3,89,61,2,76,0,0,70,3,Not Started,1
ST045,2.52,4,93,94,1,89,0,0,64,2,Not Started,1
ST046,3.33,5,84,93,1,51,0,0,86,2,Ongoing,1
ST047,2.62,5,98,89,1,62,0,0,71,0,Completed,0
ST048,3.04,3,77,72,0,81,1,20233,76,2,Not Started,1
ST049,3.09,3,74,72,1,80,0,0,65,1,Completed,0
ST050,2.37,3,98,77,0,65,0,0,92,2,Completed,1
ST051,3.94,4,84,91,3,81,0,0,64,1,Ongoing,0
ST052,3.55,3,73,91,2,81,0,0,87,2,Completed,1
ST053,3.88,5,81,94,0,83,0,0,73,3,Completed,1
ST054,3.79,5,82,98,3,60,0,0,64,3,Not Started,1
ST055,3.2,3,71,88,0,59,0,0,92,0,Ongoing,0
ST056,3.84,3,96,88,0,64,0,0,78,2,Completed,1
ST057,2.18,6,88,75,2,66,0,0,81,1,Not Started,0
ST058,2.39,5,88,69,4,89,0,0,64,1,Ongoing,0
ST059,2.09,4,73,89,4,67,0,0,61,2,Ongoing,1
ST060,2.65,6,73,84,0,58,1,23135,89,1,Not Started,0
ST061,2.78,3,95,98,1,74,1,30351,98,3,Not Started,1
ST062,2.54,3,80,79,3,89,0,0,63,1,Not Started,0
ST063,3.66,5,96,64,1,63,0,0,92,0,Not Started,0
ST064,2.71,3,74,60,1,74,0,0,72,3,Not Started,1
ST065,2.56,4,89,89,0,99,0,0,79,3,Completed,1
ST066,3.09,5,80,62,0,71,1,13547,66,3,Completed,1
ST067,2.28,3,99,73,0,79,0,0,74,2,Ongoing,1
ST068,3.6,5,79,89,0,69,0,0,82,2,Completed,1
ST069,2.15,3,77,63,4,70,0,0,73,3,Completed,1
ST070,3.97,3,75,77,0,93,0,0,82,2,Completed,1
ST071,3.54,3,75,96,4,81,0,0,78,1,Not Started,0
ST072,2.4,4,77,84,4,95,1,9213,88,2,Ongoing,1
ST073,2.01,4,92,60,0,98,0,0,79,2,Ongoing,1
ST074,3.63,5,84,74,2,70,0,0,88,3,Ongoing,1
ST075,3.41,3,95,68,3,84,1,7100,83,0,Ongoing,1
ST076,3.46,3,83,74,1,81,0,0,77,0,Completed,0
ST077,3.54,4,80,83,4,79,0,0,69,0,Completed,0
ST078,2.15,3,81,63,3,88,0,0,67,1,Not Started,0
ST079,2.72,4,95,71,2,98,0,0,85,2,Ongoing,1
ST080,2.23,3,82,96,1,61,1,41609,88,0,Completed,0
ST081,3.73,5,77,96,1,90,0,0,69,3,Completed,1
ST082,3.25,3,99,65,4,96,1,13016,76,0,Not Started,1
ST083,2.66,3,87,98,0,67,0,0,61,0,Not Started,0
ST084,2.13,6,94,83,2,70,1,42261,65,2,Not Started,1
ST085,2.62,4,70,70,4,62,0,0,64,2,Completed,1
ST086,2.65,3,84,72,2,70,0,0,87,2,Completed,1
ST087,3.46,3,77,93,0,57,0,0,64,1,Not Started,0
ST088,3.28,6,97,84,0,95,1,46346,77,1,Ongoing,1
ST089,3.77,6,80,66,4,89,0,0,85,0,Not Started,0
ST090,2.94,4,81,63,0,95,0,0,79,2,Not Started,1
ST091,2.24,6,81,67,3,56,0,0,86,0,Not Started,0
ST092,3.43,5,73,79,1,72,0,0,71,3,Not Started,1
ST093,3.52,6,85,88,4,93,1,17828,66,3,Completed,1
ST094,3.12,5,73,69,2,81,0,0,62,2,Ongoing,1
ST095,3.54,4,74,93,3,60,0,0,69,2,Not Started,1
ST096,2.99,4,93,85,4,71,0,0,93,3,Ongoing,1
ST097,3.05,4,74,62,0,71,0,0,84,2,Ongoing,1
ST098,2.86,4,77,65,0,92,0,0,94,1,Ongoing,0
ST099,2.05,4,79,64,0,74,0,0,75,1,Not Started,0
ST100,2.22,5,86,64,0,71,0,0,61,2,Completed,1
ST101,2.06,5,97,82,2,77,0,0,83,3,Not Started,1
ST102,3.27,4,95,68,3,78,0,0,69,0,Ongoing,0
ST103,2.63,6,78,94,1,62,0,0,97,2,Ongoing,1
ST104,3.02,3,91,79,2,67,0,0,81,2,Completed,1
ST105,3.82,4,88,94,2,51,0,0,85,0,Not Started,0
ST106,2.5,6,98,77,1,78,0,0,98,2,Ongoing,1
ST107,2.82,3,83,76,1,70,1,16867,86,0,Completed,0
ST108,3.51,4,77,83,0,64,1,7745,88,3,Ongoing,1
ST109,2.46,4,78,62,2,76,0,0,97,1,Completed,0
ST110,2.15,5,91,91,4,99,0,0,79,3,Completed,1
ST111,2.58,3,80,94,1,80,1,49724,86,1,Not Started,0
ST112,2.32,3,92,97,1,64,0,0,79,0,Ongoing,0
ST113,3.86,6,70,72,3,72,0,0,78,1,Not Started,0
ST114,3.62,5,83,84,4,73,0,0,79,3,Ongoing,1
ST115,3.27,5,74,68,4,93,0,0,94,1,Not Started,0
ST116,3.74,5,90,63,1,62,0,0,61,0,Ongoing,0
ST117,3.61,5,95,73,0,71,0,0,89,1,Not Started,0
ST118,2.37,3,83,96,3,92,1,22908,93,2,Completed,1
ST119,3.79,3,73,93,4,86,1,34336,81,3,Ongoing,1
ST120,3.08,4,91,70,1,82,0,0,62,2,Ongoing,1
ST121,3.61,4,92,62,4,52,0,0,65,0,Completed,0
ST122,3.79,5,94,87,3,68,0,0,74,1,Not Started,0
ST123,2.64,5,70,88,3,72,0,0,86,2,Ongoing,1
ST124,2.22,5,91,68,2,78,0,0,69,2,Ongoing,1
ST125,2.46,4,92,62,1,79,0,0,68,1,Not Started,0
ST126,2.85,6,88,84,3,88,1,25936,92,1,Completed,1
ST127,3.64,6,77,93,2,93,0,0,91,3,Not Started,1
ST128,3.72,4,84,71,2,96,0,0,65,2,Not Started,1
ST129,2.01,4,90,68,4,74,1,32606,95,2,Not Started,1
ST130,3.02,4,84,74,4,86,0,0,61,0,Ongoing,0
ST131,2.83,4,78,99,2,96,0,0,88,3,Completed,1
ST132,2.44,4,90,84,4,57,0,0,63,0,Completed,0
ST133,2.24,4,78,64,3,91,0,0,60,2,Not Started,1
ST134,2.68,5,79,70,0,65,0,0,78,0,Ongoing,0
ST135,3.89,5,89,93,3,57,0,0,85,2,Not Started,1
ST136,2.65,5,94,83,2,50,0,0,84,2,Ongoing,1
ST137,3.04,5,90,74,2,93,1,7204,69,0,Ongoing,1
ST138,3.41,4,95,97,3,54,0,0,74,0,Ongoing,0
ST139,2.73,6,78,67,4,52,0,0,81,1,Ongoing,0
ST140,3.94,3,72,64,4,50,0,0,80,1,Completed,0
ST141,3.92,4,89,85,2,53,0,0,81,1,Ongoing,0
ST142,2.5,3,94,77,1,89,0,0,95,2,Ongoing,1
ST143,2.99,6,95,65,4,84,0,0,93,0,Not Started,0
ST144,2.6,5,80,96,3,81,0,0,89,3,Not Started,1
ST145,2.57,6,75,72,4,91,0,0,84,2,Completed,1
ST146,2.07,4,71,87,3,83,0,0,87,3,Not Started,1
ST147,3.22,5,76,64,2,92,0,0,60,0,Ongoing,0
ST148,3.01,4,87,72,4,74,0,0,63,2,Not Started,1
ST149,2.1,5,96,76,3,59,1,31423,66,3,Completed,1
ST150,2.56,3,71,99,2,70,0,0,68,3,Not Started,1
ST151,3.82,3,96,91,1,95,0,0,95,1,Not Started,0
ST152,2.48,3,86,88,3,88,0,0,78,1,Completed,0
ST153,2.29,6,80,62,1,76,0,0,60,1,Completed,0
ST154,2.98,4,96,99,1,76,0,0,69,2,Ongoing,1
ST155,3.97,6,81,93,0,51,0,0,95,0,Not Started,0
ST156,2.48,3,96,99,4,90,0,0,68,0,Ongoing,0
ST157,3.34,4,88,86,3,97,0,0,91,1,Not Started,0
ST158,3.52,3,91,72,1,62,0,0,91,1,Not Started,0
ST159,2.48,6,93,92,0,58,0,0,65,1,Ongoing,0
ST160,3.46,6,94,65,2,85,0,0,97,3,Not Started,1
ST161,2.74,6,76,83,3,71,1,28852,76,1,Not Started,0
ST162,3.26,3,89,78,1,91,0,0,69,3,Not Started,1
ST163,3.27,4,75,75,4,75,0,0,86,0,Completed,0
ST164,3.07,4,90,99,0,61,0,0,94,2,Ongoing,1
ST165,2.18,3,93,87,1,66,0,0,80,2,Completed,1
ST166,3.67,4,70,92,4,63,0,0,84,2,Ongoing,1
ST167,2.64,3,86,72,1,63,0,0,87,2,Ongoing,1
ST168,2.37,4,98,84,3,83,0,0,74,3,Not Started,1
ST169,2.08,5,80,95,3,69,0,0,63,3,Ongoing,1
ST170,3.18,5,91,86,3,60,0,0,88,1,Completed,0
ST171,3.36,6,95,97,0,65,0,0,68,3,Completed,1
ST172,2.03,5,97,66,3,80,0,0,86,1,Completed,0
ST173,3.02,5,87,64,4,55,0,0,85,1,Ongoing,0
ST174,2.45,5,90,90,1,68,0,0,78,2,Completed,1
ST175,3.29,3,86,82,2,86,0,0,87,3,Ongoing,1
ST176,2.35,5,76,69,4,53,0,0,76,3,Completed,1
ST177,3.38,5,86,91,4,96,0,0,79,1,Completed,0
ST178,2.77,6,89,89,3,53,0,0,99,1,Ongoing,0
ST179,3.87,5,78,98,0,69,1,16033,98,0,Completed,0
ST180,2.28,5,86,90,1,59,0,0,82,0,Not Started,0
ST181,2.68,4,89,77,0,73,0,0,91,1,Ongoing,0
ST182,2.23,6,91,95,1,84,0,0,92,0,Ongoing,0
ST183,3.85,6,91,61,1,75,0,0,64,0,Ongoing,0
ST184,3.75,6,97,73,0,86,0,0,93,1,Not Started,0
ST185,2.52,6,98,72,4,87,0,0,99,1,Ongoing,0
ST186,3.32,6,77,88,1,70,1,32045,70,3,Completed,1
ST187,3.63,6,86,71,0,89,0,0,62,1,Completed,0
ST188,3.11,3,76,98,1,88,0,0,92,1,Completed,0
ST189,3.06,5,70,61,2,70,1,41412,70,2,Ongoing,1
ST190,2.48,6,82,91,4,59,0,0,75,3,Completed,1
ST191,2.19,5,99,72,3,87,0,0,77,3,Ongoing,1
ST192,3.79,5,92,86,1,95,0,0,89,3,Completed,1
ST193,3.8,3,88,76,2,53,0,0,69,2,Not Started,1
ST194,3.27,6,96,99,3,94,0,0,77,1,Not Started,0
ST195,2.68,4,93,90,3,69,1,27973,97,3,Not Started,1
ST196,2.7,3,88,93,1,66,0,0,78,3,Not Started,1
ST197,3.45,4,99,83,0,56,0,0,95,0,Ongoing,0
ST198,3.79,5,99,94,1,53,0,0,72,3,Completed,1
ST199,3.77,5,98,65,2,78,0,0,62,1,Not Started,0
ST200,3.56,3,86,78,3,63,1,49254,69,1,Ongoing,0
ST201,3.28,3,82,89,1,52,0,0,97,0,Not Started,0
ST202,2.17,4,98,66,0,73,0,0,60,3,Not Started,1
ST203,2.32,6,99,69,1,86,0,0,86,3,Ongoing,1
ST204,3.8,4,85,91,4,65,0,0,67,3,Ongoing,1
ST205,3.21,3,77,93,0,53,0,0,76,2,Completed,1
ST206,2.02,4,88,87,2,73,0,0,68,3,Completed,1
ST207,2.2,3,87,74,3,83,0,0,65,1,Not Started,0
ST208,3.33,4,70,89,1,79,0,0,84,1,Not Started,0
ST209,2.01,3,83,96,0,67,0,0,98,2,Completed,1
ST210,2.32,3,88,88,4,68,0,0,87,2,Completed,1
ST211,3.1,3,84,81,0,80,0,0,92,3,Ongoing,1
ST212,3.38,6,87,63,4,68,0,0,96,0,Completed,0
ST213,3.3,4,71,79,2,98,0,0,68,2,Completed,1
ST214,2.45,4,91,91,3,95,0,0,77,2,Not Started,1
ST215,3.42,4,97,95,2,68,0,0,80,3,Completed,1
ST216,2.47,3,86,63,1,71,0,0,61,3,Not Started,1
ST217,2.65,4,87,86,0,73,0,0,97,2,Completed,1
ST218,3.49,4,99,76,4,94,0,0,99,0,Ongoing,0
ST219,3.3,3,75,71,4,61,1,47565,95,2,Completed,1
ST220,3.7,5,88,81,0,79,0,0,96,3,Completed,1
ST221,3.32,3,73,76,0,87,0,0,74,3,Completed,1
ST222,3.14,4,70,69,1,80,0,0,87,2,Not Started,1
ST223,2.19,3,77,60,2,85,0,0,77,0,Ongoing,0
ST224,2.74,5,98,81,4,68,0,0,93,2,Completed,1
ST225,2.53,3,92,85,1,97,0,0,81,2,Not Started,1
ST226,2.49,4,76,77,2,94,1,20449,70,3,Ongoing,1
ST227,3.95,5,72,73,1,85,0,0,72,0,Not Started,0
ST228,2.79,6,79,88,4,79,1,28544,63,1,Not Started,0
ST229,3.78,4,79,71,0,98,0,0,81,0,Ongoing,0
ST230,3.26,5,88,95,0,82,0,0,66,2,Completed,1
ST231,3.59,5,83,94,2,67,1,46316,83,2,Not Started,1
ST232,3.01,6,71,71,3,98,0,0,63,2,Not Started,1
ST233,3.15,3,97,66,2,77,0,0,87,0,Completed,0
ST234,2.99,3,70,88,3,96,0,0,74,3,Completed,1
ST235,2.39,4,92,70,1,60,0,0,60,2,Ongoing,1
ST236,3.44,6,92,92,1,94,0,0,62,2,Ongoing,1
ST237,2.56,3,97,65,4,82,0,0,73,0,Ongoing,0
ST238,2.05,6,87,74,3,66,0,0,97,1,Completed,0
ST239,3.29,3,76,91,4,55,0,0,60,1,Not Started,0
ST240,2.35,5,98,70,0,53,0,0,97,3,Not Started,1
ST241,3.88,3,77,82,3,69,0,0,97,3,Ongoing,1
ST242,3.91,6,70,85,2,97,0,0,80,2,Completed,1
ST243,3.83,5,94,93,0,96,0,0,88,0,Not Started,0
ST244,2.74,5,92,93,0,76,0,0,64,2,Ongoing,1
ST245,2.03,5,72,88,2,64,0,0,69,3,Not Started,1
ST246,3.86,6,93,63,0,55,0,0,87,0,Not Started,0
ST247,2.86,4,92,76,3,96,0,0,80,0,Completed,0
ST248,3.93,4,96,94,4,63,0,0,66,3,Completed,1
ST249,3.93,4,98,72,0,60,0,0,62,1,Not Started,0
ST250,3.71,6,77,98,3,88,0,0,79,1,Ongoing,0
ST251,2.59,5,91,74,1,58,0,0,78,0,Completed,0
ST252,2.77,4,94,88,3,75,0,0,94,2,Not Started,1
ST253,3.7,6,84,88,4,65,0,0,63,1,Completed,0
ST254,2.63,4,74,70,3,54,0,0,64,2,Completed,1
ST255,2.34,3,72,91,2,59,0,0,60,1,Completed,0
ST256,3.11,4,88,61,4,99,1,36312,63,1,Not Started,1
ST257,3.87,4,70,73,1,52,1,41435,71,2,Ongoing,1
ST258,3.39,5,97,79,2,62,0,0,86,3,Ongoing,1
ST259,3.14,6,84,81,3,92,0,0,82,1,Ongoing,0
ST260,2.19,5,77,70,4,98,0,0,84,1,Completed,0
ST261,3.23,5,71,86,1,79,0,0,80,2,Not Started,1
ST262,3.98,5,72,62,2,94,0,0,83,3,Completed,1
ST263,2.28,5,93,76,1,55,0,0,84,1,Ongoing,0
ST264,3.04,5,83,87,3,66,0,0,91,1,Ongoing,0
ST265,3.75,4,93,88,1,94,0,0,91,3,Not Started,1
ST266,3.48,5,83,80,0,68,0,0,64,1,Completed,0
ST267,3.39,5,80,75,2,91,0,0,95,3,Ongoing,1
ST268,3.4,6,85,96,1,84,0,0,98,3,Not Started,1
ST269,2.72,3,73,79,3,95,1,41777,75,2,Completed,1
ST270,2.59,4,89,65,3,75,0,0,92,0,Completed,0
ST271,3.62,4,74,78,1,54,0,0,80,3,Ongoing,1
ST272,3.62,4,91,64,3,78,0,0,68,2,Ongoing,1
ST273,3.73,5,90,62,4,86,0,0,65,0,Completed,0
ST274,3.83,5,83,60,4,69,0,0,94,1,Completed,0
ST275,3.02,5,92,97,4,98,0,0,98,0,Ongoing,0
ST276,3,6,85,74,0,70,0,0,81,3,Completed,1
ST277,3.6,3,87,93,1,59,0,0,64,3,Ongoing,1
ST278,3.3,5,76,94,0,54,0,0,82,3,Completed,1
ST279,3.4,3,79,84,3,85,0,0,76,3,Ongoing,1
ST280,3.59,6,76,83,0,55,0,0,71,3,Not Started,1
ST281,3.78,4,70,71,3,75,0,0,82,2,Ongoing,1
ST282,2.68,5,92,77,3,53,0,0,75,3,Ongoing,1
ST283,2.75,3,90,74,2,88,1,48896,62,2,Not Started,1
ST284,2.19,3,88,75,4,88,0,0,89,1,Completed,0
ST285,3.16,5,85,86,3,99,0,0,81,3,Not Started,1
ST286,2.07,4,98,67,2,84,0,0,68,3,Ongoing,1
ST287,2.93,4,88,84,4,50,0,0,88,0,Completed,0
ST288,3.09,4,73,76,3,73,0,0,96,1,Not Started,0
ST289,2.57,6,98,88,3,85,0,0,82,3,Completed,1
ST290,3.18,3,97,67,0,55,1,7787,72,3,Completed,1
ST291,2.06,3,87,74,0,90,0,0,91,1,Not Started,0
ST292,2.07,3,71,86,4,95,0,0,82,2,Completed,1
ST293,3.65,6,70,66,3,93,0,0,76,3,Not Started,1
ST294,2.72,3,84,62,1,80,0,0,99,0,Ongoing,0
ST295,2.25,6,74,88,0,69,0,0,80,3,Completed,1
ST296,3.04,4,89,83,4,73,0,0,61,0,Ongoing,0
ST297,3.54,5,80,62,3,74,0,0,96,0,Ongoing,0
ST298,2.43,3,79,79,3,85,0,0,65,3,Completed,1
ST299,3.25,3,71,74,1,70,0,0,77,3,Not Started,1
ST300,2.17,4,72,84,4,79,1,33482,89,0,Completed,0
ST301,2.1,5,92,89,3,73,0,0,81,1,Ongoing,0
ST302,3.06,6,92,73,0,93,1,40219,92,1,Ongoing,1
ST303,3.08,5,81,66,1,91,0,0,89,3,Not Started,1
ST304,3.27,4,89,76,4,79,1,47589,76,2,Completed,1
ST305,3.45,4,74,79,1,71,0,0,91,1,Ongoing,0
ST306,3.95,5,74,95,0,77,0,0,73,3,Ongoing,1
ST307,3.03,6,75,68,4,56,1,25058,69,1,Ongoing,0
ST308,2.65,6,99,97,1,84,0,0,95,2,Not Started,1
ST309,3.59,3,78,81,2,77,1,24149,93,3,Ongoing,1
ST310,2.54,6,71,61,0,63,0,0,68,2,Ongoing,1
ST311,2.88,5,90,83,0,59,0,0,87,3,Completed,1
ST312,2.16,4,81,67,0,65,0,0,70,2,Completed,1
ST313,2.05,3,72,70,2,65,0,0,73,1,Ongoing,0
ST314,3.93,3,89,72,2,80,0,0,98,1,Ongoing,0
ST315,3.67,4,95,76,3,91,0,0,78,2,Completed,1
ST316,3.39,6,91,67,1,74,0,0,74,2,Not Started,1
ST317,2.82,4,81,80,3,62,0,0,87,2,Not Started,1
ST318,2.35,6,93,77,1,55,0,0,83,3,Not Started,1
ST319,2.31,4,86,89,2,93,0,0,67,1,Not Started,0
ST320,2.5,5,79,77,2,58,0,0,68,3,Not Started,1
ST321,3.1,6,99,90,3,94,0,0,92,1,Not Started,0
ST322,3.43,5,93,97,4,85,0,0,92,0,Not Started,0
ST323,3.32,3,96,91,3,92,0,0,78,3,Not Started,1
ST324,2.56,4,83,70,1,69,0,0,62,1,Completed,0
ST325,3.91,3,92,84,3,67,0,0,69,1,Not Started,0
ST326,3.48,3,86,92,0,92,1,48361,99,3,Not Started,1
ST327,3.11,3,87,97,1,70,0,0,60,3,Not Started,1
ST328,3.22,3,88,67,1,53,0,0,88,1,Ongoing,0
ST329,2.84,4,86,70,4,99,0,0,93,3,Completed,1
ST330,2.5,3,83,81,2,82,0,0,72,2,Completed,1
ST331,2.71,4,78,83,1,76,0,0,60,3,Completed,1
ST332,3.52,4,77,76,2,56,0,0,93,3,Not Started,1
ST333,2.03,5,71,71,3,55,0,0,88,3,Not Started,1
ST334,2.23,6,82,91,0,64,0,0,72,1,Ongoing,0
ST335,2.09,6,94,74,4,67,1,6132,88,2,Completed,1
ST336,2.08,4,76,75,2,81,1,38467,98,0,Not Started,0
ST337,3.71,5,78,81,1,60,0,0,83,0,Completed,0
ST338,3.41,4,91,87,2,69,0,0,85,2,Ongoing,1
ST339,2.95,4,91,79,1,73,0,0,76,2,Ongoing,1
ST340,2.2,4,80,92,2,64,0,0,66,2,Ongoing,1
ST341,2.98,5,83,69,1,97,0,0,72,1,Completed,0
ST342,2.95,6,73,99,3,56,0,0,64,0,Not Started,0
ST343,2.35,5,95,91,1,70,0,0,85,2,Not Started,1
ST344,2.87,3,95,92,1,91,0,0,62,1,Ongoing,0
ST345,2.8,5,98,61,0,75,0,0,66,0,Not Started,0
ST346,3.23,5,82,92,1,93,1,13275,98,3,Ongoing,1
ST347,3.27,5,71,92,0,63,1,40948,60,1,Completed,0
ST348,2.09,5,92,72,4,86,0,0,76,0,Ongoing,0
ST349,2.75,6,74,89,0,70,0,0,84,1,Completed,0
ST350,3.25,3,80,92,3,67,1,47351,62,0,Ongoing,0
ST351,3.01,6,75,72,0,54,0,0,74,0,Not Started,0
ST352,3.71,6,87,85,4,52,0,0,88,3,Not Started,1
ST353,3.32,5,90,81,3,72,0,0,91,1,Ongoing,0
ST354,2.33,4,79,98,2,75,0,0,85,2,Not Started,1
ST355,2.14,4,73,61,2,86,0,0,75,3,Not Started,1
ST356,3.28,6,78,97,0,73,1,33152,84,3,Not Started,1
ST357,2.05,6,75,98,0,98,1,25954,87,0,Completed,0
ST358,3.17,5,71,85,4,68,0,0,68,2,Not Started,1
ST359,3.88,6,86,74,4,74,0,0,60,1,Completed,0
ST360,3.15,5,74,93,1,70,1,40236,88,2,Ongoing,1
ST361,2.78,4,94,99,4,61,0,0,81,2,Not Started,1
ST362,3.29,4,75,70,1,90,1,30966,75,2,Not Started,1
ST363,2.92,3,95,62,3,82,0,0,66,2,Not Started,1
ST364,3.09,4,81,65,0,99,0,0,73,2,Ongoing,1
ST365,3.88,6,92,68,3,53,0,0,88,0,Completed,0
ST366,2.77,4,90,65,4,91,0,0,78,0,Completed,0
ST367,3.92,5,79,68,3,56,0,0,78,3,Not Started,1
ST368,3.81,4,91,98,3,71,0,0,61,0,Ongoing,0
ST369,2.39,3,90,90,3,82,0,0,74,3,Ongoing,1
ST370,2.14,4,96,91,4,66,0,0,62,3,Ongoing,1
ST371,2.2,5,94,71,3,73,0,0,70,1,Ongoing,0
ST372,2.04,5,75,67,1,83,1,32056,89,2,Ongoing,1
ST373,2.19,6,96,67,4,77,1,11614,99,0,Completed,1
ST374,3.37,4,77,87,3,92,0,0,77,1,Completed,0
ST375,2.14,5,71,79,4,90,0,0,61,0,Completed,0
ST376,2.64,3,81,66,2,88,0,0,91,3,Not Started,1
ST377,3.69,6,82,70,1,71,0,0,67,0,Ongoing,0
ST378,2.05,3,94,79,3,98,1,21964,81,2,Not Started,1
ST379,3.63,4,90,75,2,66,0,0,65,3,Ongoing,1
ST380,2.56,4,76,63,2,83,0,0,71,3,Completed,1
ST381,2.24,4,79,65,4,55,1,42544,99,1,Not Started,0
ST382,3.39,6,82,81,2,95,0,0,95,2,Completed,1
ST383,3.26,5,86,85,1,55,0,0,74,3,Ongoing,1
ST384,3.75,6,95,62,1,83,1,30275,87,2,Ongoing,1
ST385,3.47,3,90,73,0,50,0,0,77,0,Ongoing,0
ST386,3.61,6,97,70,1,59,1,43213,61,2,Completed,1
ST387,2.56,3,99,77,2,70,0,0,72,3,Ongoing,1
ST388,2.35,6,95,71,1,54,0,0,74,1,Completed,0
ST389,3.5,5,83,82,4,51,0,0,79,3,Not Started,1
ST390,3.61,3,71,71,0,71,1,24540,88,2,Ongoing,1
ST391,3.98,4,97,72,2,97,0,0,88,2,Ongoing,1
ST392,2.83,4,91,84,0,51,0,0,62,3,Ongoing,1
ST393,2.74,6,80,78,2,59,0,0,78,2,Not Started,1
ST394,3.55,4,70,95,4,83,0,0,62,0,Ongoing,0
ST395,2.68,3,88,67,0,65,0,0,73,3,Completed,1
ST396,3.86,4,90,88,3,97,0,0,99,1,Completed,0
ST397,3.72,5,73,91,2,88,0,0,63,3,Ongoing,1
ST398,2.86,5,88,77,3,71,0,0,70,0,Ongoing,0
ST399,3.5,6,95,65,0,61,0,0,90,0,Not Started,0
ST400,3.51,3,98,77,3,73,0,0,91,0,Not Started,0
ST401,2.21,5,90,78,3,96,0,0,86,0,Not Started,0
ST402,3.81,5,80,81,0,89,1,31564,89,0,Ongoing,0
ST403,3.01,3,77,96,4,87,0,0,61,1,Not Started,0
ST404,3.65,4,80,91,3,59,1,32990,68,2,Not Started,1
ST405,2.64,4,73,62,3,84,0,0,87,0,Completed,0
ST406,3.79,6,86,87,4,98,0,0,90,0,Not Started,0
ST407,2.78,4,96,69,3,81,0,0,93,3,Completed,1
ST408,2.02,3,76,94,3,56,0,0,74,1,Completed,0
ST409,3.81,5,77,88,3,70,0,0,84,1,Not Started,0
ST410,2.18,4,72,74,1,69,0,0,95,2,Completed,1
ST411,2.64,6,91,92,4,75,0,0,67,1,Ongoing,0
ST412,3.9,4,71,66,3,53,0,0,68,3,Ongoing,1
ST413,3.9,3,92,71,4,95,0,0,96,3,Not Started,1
ST414,3.15,6,84,89,2,71,0,0,98,2,Ongoing,1
ST415,3.26,4,93,80,2,64,0,0,91,3,Completed,1
ST416,2.9,6,91,90,3,89,0,0,76,0,Ongoing,0
ST417,2.59,3,91,83,4,70,0,0,94,0,Not Started,0
ST418,2.66,5,74,79,4,64,0,0,96,3,Not Started,1
ST419,3.35,3,93,96,4,71,0,0,78,2,Completed,1
ST420,3.5,3,70,63,1,77,0,0,88,1,Not Started,0
ST421,3.58,3,95,87,2,63,0,0,66,2,Ongoing,1
ST422,3.58,3,73,79,4,76,0,0,87,1,Not Started,0
ST423,2.18,5,84,83,4,90,0,0,68,3,Completed,1
ST424,2.99,5,89,91,1,89,0,0,87,3,Not Started,1
ST425,2.12,6,88,95,1,77,0,0,65,0,Ongoing,0
ST426,3.1,4,72,93,4,75,0,0,88,1,Completed,0
ST427,2.88,5,89,95,0,98,0,0,76,2,Ongoing,1
ST428,3.78,5,80,61,4,51,1,42306,75,3,Completed,1
ST429,2.7,4,86,74,4,74,0,0,82,2,Not Started,1
ST430,2.23,5,99,93,1,52,1,36486,90,0,Completed,0
ST431,2.29,3,96,95,1,57,0,0,62,1,Completed,0
ST432,3.52,3,82,65,4,93,0,0,80,1,Not Started,0
ST433,3.24,4,80,98,4,82,0,0,85,3,Ongoing,1
ST434,2.2,6,71,71,4,91,0,0,95,1,Not Started,0
ST435,2.17,6,78,62,1,84,0,0,96,3,Completed,1
ST436,3.4,4,95,77,4,55,0,0,81,0,Not Started,0
ST437,2.15,4,71,99,4,88,0,0,71,1,Completed,0
ST438,3.64,3,90,80,3,72,0,0,72,3,Not Started,1
ST439,3.41,6,78,74,0,74,0,0,70,2,Not Started,1
ST440,2.16,5,78,92,2,99,0,0,75,3,Ongoing,1
ST441,2.17,3,77,94,0,92,0,0,67,1,Completed,0
ST442,3.97,4,86,85,3,68,0,0,99,0,Ongoing,0
ST443,2.75,6,70,67,2,54,0,0,99,1,Completed,0
ST444,2.74,5,94,95,4,60,1,16156,61,1,Not Started,0
ST445,3.63,5,98,89,3,61,0,0,89,3,Completed,1
ST446,3.89,3,80,82,4,59,1,36845,89,2,Ongoing,1
ST447,3.97,6,77,73,1,57,0,0,71,1,Ongoing,0
ST448,3.51,6,79,73,3,73,0,0,69,2,Ongoing,1
ST449,2.75,4,94,61,1,77,0,0,70,3,Completed,1
ST450,2.17,6,76,96,3,90,0,0,74,2,Ongoing,1
ST451,3.55,6,72,64,3,85,1,17067,75,3,Ongoing,1
ST452,3.12,3,72,97,1,86,0,0,76,0,Ongoing,0
ST453,2.85,6,87,73,2,70,0,0,85,2,Not Started,1
ST454,3.81,5,74,98,0,57,0,0,61,2,Not Started,1
ST455,2.22,3,81,84,4,58,0,0,71,0,Completed,0
ST456,2.99,3,81,79,3,96,1,25583,85,2,Completed,1
ST457,2.02,4,88,61,4,64,0,0,82,0,Ongoing,0
ST458,2.94,6,99,98,1,97,0,0,77,1,Not Started,0
ST459,2.11,4,75,65,4,95,0,0,91,3,Ongoing,1
ST460,2.24,5,71,76,1,89,0,0,97,0,Ongoing,0
ST461,2.24,3,81,84,4,67,0,0,62,2,Not Started,1
ST462,3.3,3,88,87,0,91,0,0,97,0,Not Started,0
ST463,3.49,3,74,61,0,69,0,0,62,2,Not Started,1
ST464,3.17,5,81,94,0,55,0,0,89,1,Completed,0
ST465,3.92,5,96,96,0,61,0,0,60,0,Completed,0
ST466,2.75,4,96,64,0,51,0,0,89,1,Ongoing,0
ST467,2.57,4,86,60,0,56,0,0,91,3,Completed,1
ST468,3.74,4,98,99,1,65,0,0,87,2,Not Started,1
ST469,2.45,6,86,71,3,52,0,0,80,2,Not Started,1
ST470,3.93,3,79,95,4,94,0,0,72,1,Completed,0
ST471,2.02,3,94,82,0,52,0,0,86,3,Ongoing,1
ST472,3.94,4,92,90,1,76,0,0,95,0,Ongoing,0
ST473,2.09,3,86,70,1,99,0,0,66,0,Completed,0
ST474,3.78,4,84,69,1,92,0,0,81,2,Ongoing,1
ST475,3.06,6,81,62,3,89,0,0,69,1,Ongoing,0
ST476,3.99,6,99,73,4,87,0,0,98,1,Ongoing,0
ST477,2.15,5,85,75,3,82,0,0,74,0,Not Started,0
ST478,3.11,6,93,69,2,77,0,0,74,3,Not Started,1
ST479,3.94,4,88,88,1,50,0,0,63,3,Completed,1
ST480,3.05,6,77,69,2,57,0,0,91,0,Not Started,0
ST481,3.26,5,90,71,0,86,0,0,82,0,Ongoing,0
ST482,3.39,3,86,89,0,81,0,0,65,1,Not Started,0
ST483,2.91,4,92,60,3,97,0,0,83,3,Completed,1
ST484,3.26,3,74,64,4,92,0,0,79,0,Not Started,0
ST485,3.17,5,91,79,2,86,0,0,96,0,Ongoing,0
ST486,3.8,5,85,67,4,53,0,0,79,2,Ongoing,1
ST487,2.09,5,75,71,3,79,0,0,71,0,Completed,0
ST488,2.56,3,77,60,0,55,0,0,92,0,Not Started,0
ST489,3.9,3,94,79,4,95,0,0,87,3,Not Started,1
ST490,3.78,3,87,87,4,68,0,0,67,1,Not Started,0
ST491,2.91,3,94,96,0,81,0,0,60,3,Ongoing,1
ST492,3.24,5,81,96,2,58,0,0,96,1,Completed,0
ST493,2.55,5,84,71,0,61,0,0,81,2,Not Started,1
ST494,2.38,4,96,96,4,60,0,0,65,0,Ongoing,0
ST495,2.93,4,95,87,2,95,0,0,80,2,Ongoing,1
ST496,2.71,3,78,74,2,65,1,9946,91,1,Ongoing,0
ST497,3.17,6,82,65,0,50,0,0,94,3,Not Started,1
ST498,2.16,6,95,79,4,94,1,39675,74,3,Not Started,1
ST499,3.95,5,84,73,3,70,0,0,64,2,Not Started,1
ST500,3.97,5,79,61,4,79,1,23919,65,1,Not Started,0
,,2193,,,,,,,,,,
